MUT_ID	OBJECTIVE_SCORE	MUTATION_NODE_ASSIGN	STATE_0	ASSIGNMENT_1
11:70031751-70031751_G>T	1.93959479689428	0	(2, 1) 1
11:6477707-6477707_G>A	0.7802817610492346	0	(1, 0) 1
9:4833182-4833182_C>G	1.581174471591324	0	(1, 0) 1
16:88947822-88947822_C>T	0.9250556842765804	1	(1, 0) 1
9:5090566-5090566_G>T	0.5230903886576784	4	(1, 0) 1
6:152419920-152419920_T>A	0.9330240465117196	0	(1, 0) 1
3:178952085-178952085_A>T	0.7623124915068257	0	(2, 1) 10
16:89350644-89350644_G>C	3.933548304059104	0	(1, 0) 2
